empid,name,email,mobileno,address
2751187,Dianne Chiarelli,diannechiarelli@gmail.com,3235444422,NI1407
5139582,Nicholas Griffen,nicholasgriffen@gmail.com,7458163553,NI1394
4996294,Judy Perry,judyperry@gmail.com,5254218121,EG1647
1674053,Devin Kraft,devinkraft@gmail.com,1764734135,AL01
6991011,Martha Smith,marthasmith@gmail.com,4483847481,NI1865
3118242,Floyd Mcwayne,floydmcwayne@gmail.com,7758527151,NI1742
3754391,Richard Bass,richardbass@gmail.com,6416856325,KL01
1718384,Elisha Rhodes,elisharhodes@gmail.com,8842156563,EG95
2848925,James Swinger,jamesswinger@gmail.com,4768664168,KL1738
4294835,Douglas Hammons,douglashammons@gmail.com,8123321638,NI1373
4996164,Larry Rudman,larryrudman@gmail.com,7717233538,EG529
5343990,Ellen Carlisle,ellencarlisle@gmail.com,1532214247,NI1031
7564544,Marcus Isaac,marcusisaac@gmail.com,2114536521,AL341
8035780,Amanda Nylen,amandanylen@gmail.com,3645625156,AL163
228463,Ella William,ellawilliam@gmail.com,6475782845,NI1805
2208403,Eric Marcoux,ericmarcoux@gmail.com,6714527138,EG475
7016602,Norma Williams,normawilliams@gmail.com,1486885137,AL860
4147319,Lester Odom,lesterodom@gmail.com,7463128767,AL1475
4315695,Jennie Houston,jenniehouston@gmail.com,3143174825,NI1656
3422814,Charles White,charleswhite@gmail.com,1186674486,NI1317
7406905,Larry Styers,larrystyers@gmail.com,1445813374,EG774
4303318,Karen White,karenwhite@gmail.com,6316262611,NI128
3580990,Robin Cuthbert,robincuthbert@gmail.com,3554271776,EG1842
9881544,Kimberly Nicholas,kimberlynicholas@gmail.com,3173256683,EG578
3854488,Patricia Smith,patriciasmith@gmail.com,5357781752,NI603
1734643,Dorothy Reynolds,dorothyreynolds@gmail.com,1437868673,KL848
7651585,William Matthews,williammatthews@gmail.com,3282283254,AL1593
5331587,Steven Cutwright,stevencutwright@gmail.com,6273462144,EG1207
6005822,Marjorie Wells,marjoriewells@gmail.com,4887777814,NI1866
6943009,Monika Shumaker,monikashumaker@gmail.com,5268143526,AL1379
1622878,Quentin Lapp,quentinlapp@gmail.com,3264564725,NI324
3610455,Joshua Meza,joshuameza@gmail.com,7157728233,NI1606
1170465,Earl Oneill,earloneill@gmail.com,1243524744,KL541
5661654,Geneva Bourgeois,genevabourgeois@gmail.com,6185257731,KL910
3972409,Susan Kelly,susankelly@gmail.com,8663321854,KL1729
5677513,Kathleen Sweitzer,kathleensweitzer@gmail.com,2726272243,AL1172
6979187,James Griffin,jamesgriffin@gmail.com,7333257466,AL1806
211173,Kate Kraus,katekraus@gmail.com,6525838877,NI267
2408585,Roderick Sellers,rodericksellers@gmail.com,7165436218,KL1926
6807065,Dino Patterson,dinopatterson@gmail.com,6256642387,NI183
4798852,John Jenkins,johnjenkins@gmail.com,5754267438,AL1855
342182,Larry Villarreal,larryvillarreal@gmail.com,2255748727,AL1803
4974221,Freddie Coley,freddiecoley@gmail.com,8252841251,NI1034
64950,Rhonda Jarvie,rhondajarvie@gmail.com,5184142551,NI1941
4303172,Nora Anderson,noraanderson@gmail.com,3516275731,NI551
7725661,Donald Mossman,donaldmossman@gmail.com,5142385731,KL272
9693871,Roderick Land,roderickland@gmail.com,6566224347,NI646
3203963,Mark Bray,markbray@gmail.com,3325845766,KL736
8851762,Carolyn Alvarado,carolynalvarado@gmail.com,4578656138,AL468
7324809,Virginia Gonzalez,virginiagonzalez@gmail.com,2163584114,EG1504
1397303,Ricky Whitehead,rickywhitehead@gmail.com,6362281245,NI1972
886822,Peter Goldstein,petergoldstein@gmail.com,2621426576,NI1694
8474563,Greg Garmon,greggarmon@gmail.com,6666418121,AL346
1573836,Janet Dwight,janetdwight@gmail.com,4346465576,AL663
9571410,David Jordan,davidjordan@gmail.com,8344118532,NI1453
5365833,Devon Roberts,devonroberts@gmail.com,1644438874,EG1961
7421924,Frances Pace,francespace@gmail.com,1847332725,KL446
5920878,Susanna Williams,susannawilliams@gmail.com,6417626522,EG338
1524417,Eugene Sowers,eugenesowers@gmail.com,2511365445,EG1866
5961084,Arletta Galaviz,arlettagalaviz@gmail.com,2852647885,NI382
71783,Joel Langel,joellangel@gmail.com,6678432745,NI384
6869896,Elizabeth Fesperman,elizabethfesperman@gmail.com,1115832678,EG1455
4717734,Daniel Martin,danielmartin@gmail.com,3351121538,NI1906
9536462,Jeffery Matthews,jefferymatthews@gmail.com,3675661258,NI1674
3109052,Gilbert Hudson,gilberthudson@gmail.com,6128474612,NI1132
9173944,Gayle Kurtz,gaylekurtz@gmail.com,7856523627,KL78
4824240,Ashley Mccoy,ashleymccoy@gmail.com,8178132458,NI875
3231151,Pamela Damian,pameladamian@gmail.com,7564827571,NI440
1450532,Hunter Larson,hunterlarson@gmail.com,8631765271,NI672
6601903,Lucas White,lucaswhite@gmail.com,8858327178,NI1386
1623003,Agustin Enochs,agustinenochs@gmail.com,6356867311,NI72
3750884,William Rowland,williamrowland@gmail.com,2484486528,EG1898
8481768,Brittany Parks,brittanyparks@gmail.com,5744281228,NI373
868622,Patricia Panza,patriciapanza@gmail.com,7446547684,KL1566
6228946,James Kain,jameskain@gmail.com,8828635641,KL412
6568311,Charles Johnson,charlesjohnson@gmail.com,3417387656,KL1015
1574934,Paula Reynolds,paulareynolds@gmail.com,8732128572,NI1233
3881878,Georgiana Anderson,georgianaanderson@gmail.com,3573115763,NI1479
7620871,Arnulfo Clark,arnulfoclark@gmail.com,6567868782,NI1949
4482597,David Leach,davidleach@gmail.com,1711483865,AL44
2642095,Dominic Coleman,dominiccoleman@gmail.com,7718527447,AL1133
5675360,Donna Haines,donnahaines@gmail.com,6261713677,NI516
712067,Margaret Karow,margaretkarow@gmail.com,5123835782,AL1911
9837319,Amy Hayes,amyhayes@gmail.com,7866681158,EG1519
4082999,Karla Darling,karladarling@gmail.com,4413613685,NI243
1936793,Nettie Mcdaniel,nettiemcdaniel@gmail.com,3716344155,NI502
6461659,Gordon Cobos,gordoncobos@gmail.com,3254522781,EG1894
4377821,Joanna Daughters,joannadaughters@gmail.com,1618642664,AL1932
9081881,Eddie Jean,eddiejean@gmail.com,2175655427,KL970
3283763,Zachary Wells,zacharywells@gmail.com,6445544867,NI637
5670889,Reginald Rodriguez,reginaldrodriguez@gmail.com,2811468428,NI418
9151061,Ashley Goodwill,ashleygoodwill@gmail.com,1428847827,NI1789
3442473,Ray Patton,raypatton@gmail.com,2484868736,NI452
1221156,Ty Leto,tyleto@gmail.com,2234571573,NI476
5748338,Edward Sellers,edwardsellers@gmail.com,7357776376,AL1479
168540,Walter Edgell,walteredgell@gmail.com,7158452513,NI325
3762325,Michael Marshall,michaelmarshall@gmail.com,6878235647,NI1267
5810307,Mary Wells,marywells@gmail.com,2548141324,AL1258
6411725,Benjamin Sullivan,benjaminsullivan@gmail.com,6681656281,EG1398
3869347,Gladys Pressley,gladyspressley@gmail.com,5315261854,AL1481
8681601,Maria Van,mariavan@gmail.com,8142532424,AL1450
5372124,Marian Schaefer,marianschaefer@gmail.com,2666453657,EG1544
1182123,Andrew Miller,andrewmiller@gmail.com,8677654448,NI599
9519027,James Capps,jamescapps@gmail.com,4483434672,AL790
8678674,John Sklar,johnsklar@gmail.com,5112446336,EG1305
4875140,James Graham,jamesgraham@gmail.com,8781775217,AL992
8554389,Valerie Magallon,valeriemagallon@gmail.com,7755684637,EG1172
4293956,Norman Weiser,normanweiser@gmail.com,3876588147,AL1467
9107431,Sidney Cardwell,sidneycardwell@gmail.com,2342353273,NI1184
9167900,Janice Graziano,janicegraziano@gmail.com,8365373274,KL748
6493411,Patrick Riley,patrickriley@gmail.com,1256876232,NI1456
1661961,Dora Murray,doramurray@gmail.com,3725433157,NI378
3071782,Douglas Daffin,douglasdaffin@gmail.com,3444577734,EG1690
8841753,Susan Daniel,susandaniel@gmail.com,7677562184,EG1407
6091028,Benjamin Hunt,benjaminhunt@gmail.com,5438722861,NI541
8161651,Sharon Gaither,sharongaither@gmail.com,1836621378,AL432
5291806,Laura Alkire,lauraalkire@gmail.com,2562677224,EG503
4437895,Maria Reese,mariareese@gmail.com,5343641745,NI1570
158372,Amanda Teague,amandateague@gmail.com,2853876631,AL1299
5033438,Gary Stanger,garystanger@gmail.com,4322858666,NI663
7191334,Edward Gongora,edwardgongora@gmail.com,7484284646,AL1031
6643213,Dale Vala,dalevala@gmail.com,1416347357,KL1994
3178332,Cory Guthrie,coryguthrie@gmail.com,2261213123,NI1838
8500501,Carlo Tatum,carlotatum@gmail.com,6615388775,NI831
4506081,Janet Matsuno,janetmatsuno@gmail.com,8535428875,AL1892
3782145,Jose Johnson,josejohnson@gmail.com,8486721312,AL1814
8531891,Joe Smith,joesmith@gmail.com,6321222614,NI1909
7047244,Kay Nelson,kaynelson@gmail.com,5351523161,NI1785
2305664,Tricia Brown,triciabrown@gmail.com,8321311328,NI598
2760143,Garry Oldham,garryoldham@gmail.com,3284425154,NI792
8242791,James Mills,jamesmills@gmail.com,8563873221,EG1109
7086746,Diane Searfoss,dianesearfoss@gmail.com,1457827781,NI87
3918793,Shelby Delisi,shelbydelisi@gmail.com,5783451368,NI1994
5296122,Pamela Unrein,pamelaunrein@gmail.com,6742125162,EG1280
3088293,Elsie Scharf,elsiescharf@gmail.com,5457743517,EG1467
7921707,Joshua Hoffmann,joshuahoffmann@gmail.com,1411755211,EG1782
4625356,James Bostic,jamesbostic@gmail.com,5141887878,EG394
3881796,Amy Zavala,amyzavala@gmail.com,6313251843,KL1839
6679475,Ida Haddad,idahaddad@gmail.com,7465432432,NI50
6176057,Lynn Yarbrough,lynnyarbrough@gmail.com,8178788836,EG1474
2686518,Chuck Wolverton,chuckwolverton@gmail.com,4571613276,NI34
9529004,Robert Gately,robertgately@gmail.com,5565715663,AL243
3262595,Jenny Byers,jennybyers@gmail.com,6624776442,AL1317
2282037,Melinda Drage,melindadrage@gmail.com,3713532218,KL996
9913634,Tina Bauer,tinabauer@gmail.com,3856287122,KL656
7636192,Diana Williams,dianawilliams@gmail.com,1644634346,NI429
387318,Bradley Carnes,bradleycarnes@gmail.com,8413215264,NI1459
8557495,Patrick Lippert,patricklippert@gmail.com,4767663352,KL1272
5298976,Charles Merritt,charlesmerritt@gmail.com,6511682281,EG1635
9170736,Laura Oakes,lauraoakes@gmail.com,5255886774,NI1216
5333759,Sharon Slaughter,sharonslaughter@gmail.com,3127373734,AL1502
8271817,Marsha Kennelly,marshakennelly@gmail.com,5828867463,EG1671
8037003,Nicholas Washington,nicholaswashington@gmail.com,6242475876,EG584
9208871,Mitchel Murphy,mitchelmurphy@gmail.com,5622126217,NI1887
686491,Jessica Washington,jessicawashington@gmail.com,1837524655,AL881
1683425,David Laite,davidlaite@gmail.com,4751212461,NI1684
4974698,Salvador Tesoro,salvadortesoro@gmail.com,6432842575,KL853
2966381,David Eisenhower,davideisenhower@gmail.com,6656855143,NI1022
771519,David Streller,davidstreller@gmail.com,8435275278,EG1498
5137268,Robert Dubill,robertdubill@gmail.com,8378654448,KL534
7696825,Gregory Akin,gregoryakin@gmail.com,8214177881,AL1392
6572866,Gertrude Shackley,gertrudeshackley@gmail.com,4464482714,NI1115
6783800,Karen Martinez,karenmartinez@gmail.com,7223514758,EG373
6838996,Maria Nielson,marianielson@gmail.com,3685468476,NI777
3847134,Mary Lozano,marylozano@gmail.com,4236746271,NI1508
3598250,Marie Healey,mariehealey@gmail.com,8441526248,NI1021
3044066,Tammy Holm,tammyholm@gmail.com,3264375736,KL1395
2719916,Doris Blades,dorisblades@gmail.com,2213123835,AL964
3225300,Tony Hayes,tonyhayes@gmail.com,4115822114,EG409
9680920,Lavada Lewis,lavadalewis@gmail.com,8735513161,KL868
3682665,Helen Navarro,helennavarro@gmail.com,4437485838,AL831
5814307,Stanley Jenkins,stanleyjenkins@gmail.com,6725227583,NI1333
5369797,Juanita Knowles,juanitaknowles@gmail.com,7273714431,NI847
7174173,Donald Karp,donaldkarp@gmail.com,6836815167,EG900
2467374,Hazel Calloway,hazelcalloway@gmail.com,3338824816,EG1180
3211482,David Moritz,davidmoritz@gmail.com,6434623655,AL641
7865417,Clayton Baxter,claytonbaxter@gmail.com,1336623636,EG336
1180502,Stephen Barnes,stephenbarnes@gmail.com,6522425752,EG344
7859774,Gerald Crossman,geraldcrossman@gmail.com,4372161432,AL640
9131119,Scott Mcatee,scottmcatee@gmail.com,3667176433,KL155
8497199,Marcella Culver,marcellaculver@gmail.com,2466623521,AL184
1311986,Frank Wulf,frankwulf@gmail.com,4682271162,EG1026
5550985,Lorine Shipley,lorineshipley@gmail.com,8446415715,AL852
6633833,Carl Wilkinson,carlwilkinson@gmail.com,8543334524,NI330
3616834,Samantha Holmen,samanthaholmen@gmail.com,1617482235,KL247
1671507,Leah Pyles,leahpyles@gmail.com,8677528416,NI49
9229295,Carmen Bartamian,carmenbartamian@gmail.com,3583813578,KL637
2853852,Everette Mcdowell,everettemcdowell@gmail.com,6482151663,KL1467
4946155,Willis Auerswald,willisauerswald@gmail.com,6423184761,NI1598
1888171,Eugene Ready,eugeneready@gmail.com,2188263488,NI257
705947,Mildred Balsamo,mildredbalsamo@gmail.com,6373257534,NI1610
1704930,Julie Vandorp,julievandorp@gmail.com,7336317777,NI159
4079876,Eric Coles,ericcoles@gmail.com,4422121123,AL1318
979919,Jim Steele,jimsteele@gmail.com,6544533736,EG729
6935621,Laura Arbeiter,lauraarbeiter@gmail.com,6847658364,EG1061
8705727,Donna Burnett,donnaburnett@gmail.com,4812871324,AL361
5463224,Jesus Negrete,jesusnegrete@gmail.com,1551787774,AL287
9016125,Albert Rushing,albertrushing@gmail.com,8464466747,EG339
980058,Robin Quelette,robinquelette@gmail.com,5512655147,NI1506
9875638,Dennis Johnson,dennisjohnson@gmail.com,7826246467,KL1087
9080344,Brian Flores,brianflores@gmail.com,8566511327,EG398
9153571,Ella Anderson,ellaanderson@gmail.com,8672612458,KL1840
7159,David Farrell,davidfarrell@gmail.com,7828632664,AL1439
9383176,Earl Morris,earlmorris@gmail.com,6536764281,NI1603
2309354,David Gallegos,davidgallegos@gmail.com,8437237638,NI336
3738336,Bobby Wigley,bobbywigley@gmail.com,8762626846,KL1504
1269431,Donna Brandt,donnabrandt@gmail.com,1671162313,NI401
9593027,Mary Gardner,marygardner@gmail.com,2385871628,KL490
1668021,Margaret Simmerman,margaretsimmerman@gmail.com,3876354437,NI869
9713922,Earl Foster,earlfoster@gmail.com,6733327173,AL930
29812,Thelma Cook,thelmacook@gmail.com,8846281678,EG31
2844125,Kathy Michaels,kathymichaels@gmail.com,8667622648,AL614
1563118,Paul Henry,paulhenry@gmail.com,3588764158,NI1539
9553174,Crystal Niedzwiecki,crystalniedzwiecki@gmail.com,1216366328,EG627
9976690,Kathleen Williams,kathleenwilliams@gmail.com,7136833651,NI587
515091,Mike Page,mikepage@gmail.com,2536754121,NI1745
5761945,Jean Hall,jeanhall@gmail.com,2654241365,KL1697
5777111,Steven Lanier,stevenlanier@gmail.com,8551835353,EG658
243114,David Villanveva,davidvillanveva@gmail.com,1773131551,KL1999
6186328,Larry Banks,larrybanks@gmail.com,3323865743,NI620
1367742,Troy Bautista,troybautista@gmail.com,5255442484,NI1114
9871817,Louise Miller,louisemiller@gmail.com,4186418652,NI1715
913692,Connie Stark,conniestark@gmail.com,7485116243,NI212
689615,John Watkins,johnwatkins@gmail.com,5567211471,NI1395
1281782,Mary Gonzalez,marygonzalez@gmail.com,8863634334,NI1817
9892767,Melissa Gomez,melissagomez@gmail.com,8557623411,KL1172
2516925,Roger Clark,rogerclark@gmail.com,7551225757,KL1724
298013,Beth Phipps,bethphipps@gmail.com,1325285636,KL1238
9436683,Kenneth Shadle,kennethshadle@gmail.com,3431623182,AL1142
7875772,James Cleveland,jamescleveland@gmail.com,2478452512,EG591
5082446,Laura Viera,lauraviera@gmail.com,1411517476,AL1430
537385,Karen Mcdougald,karenmcdougald@gmail.com,6362423616,NI789
8061942,Jason Rigsby,jasonrigsby@gmail.com,6682645322,EG810
5908177,Gavin Cobar,gavincobar@gmail.com,5854477537,NI1609
97447,Scott Harrison,scottharrison@gmail.com,1463155335,NI278
8978373,Germaine Carpenter,germainecarpenter@gmail.com,2354688847,NI1269
9221804,Andreas Smith,andreassmith@gmail.com,3378866668,EG996
1312497,Aaron Smolik,aaronsmolik@gmail.com,3284215636,KL1338
7720713,James West,jameswest@gmail.com,1778636827,EG1229
9428866,Laverne Labruzzo,lavernelabruzzo@gmail.com,2286385744,KL163
494822,Stephanie Morton,stephaniemorton@gmail.com,4433118255,NI636
5809944,Lamont Heroman,lamontheroman@gmail.com,5583112687,EG835
8909616,Sara Carrington,saracarrington@gmail.com,8674278825,NI1713
8902188,Justin Palmer,justinpalmer@gmail.com,2485235876,NI749
1503643,Gregory Jones,gregoryjones@gmail.com,3338521542,NI1967
4804080,Ruby Kerrigan,rubykerrigan@gmail.com,4113732777,NI1420
8458813,Theresa Simpson,theresasimpson@gmail.com,7557327554,NI625
5339421,Felipe Scheffler,felipescheffler@gmail.com,4477832836,KL1093
4303793,David Sprinkel,davidsprinkel@gmail.com,1742267638,NI846
3362448,Dora Rojas,dorarojas@gmail.com,7628445228,NI1491
7237223,Richard Otsuka,richardotsuka@gmail.com,3254848146,EG828
337289,Cecil Wells,cecilwells@gmail.com,4315316742,AL1893
1075651,Courtney Sutton,courtneysutton@gmail.com,8861772344,NI283
4645525,Lena Leuthold,lenaleuthold@gmail.com,6572542633,EG710
564534,Concetta Montz,concettamontz@gmail.com,4211176236,NI1581
4665714,John Fox,johnfox@gmail.com,3353447224,KL1548
7489233,John Moore,johnmoore@gmail.com,8582178117,KL1122
1906607,Bill Smith,billsmith@gmail.com,5747286168,NI1818
4119477,Kathryn Groomes,kathryngroomes@gmail.com,6515628453,KL313
1788873,Larry Schoppert,larryschoppert@gmail.com,4786486488,NI1561
5246056,John Hathaway,johnhathaway@gmail.com,3433773865,NI904
4966646,Thomas Gillette,thomasgillette@gmail.com,7664118138,AL1700
2195607,David Reed,davidreed@gmail.com,5384585534,NI272
576144,Delores Cervantes,delorescervantes@gmail.com,2732671638,EG1772
2565266,Jo Lavette,jolavette@gmail.com,1234665342,NI1434
3143630,Jasmine Lembo,jasminelembo@gmail.com,7387815678,NI1364
6246965,Adriane Bomar,adrianebomar@gmail.com,5742784853,NI1422
6943348,Jennifer Tillman,jennifertillman@gmail.com,3386388153,NI765
2221273,Darin Kozlowski,darinkozlowski@gmail.com,8376474861,EG1745
4068920,Judi Choi,judichoi@gmail.com,6638311461,NI512
4879809,Guadalupe Hobbs,guadalupehobbs@gmail.com,8518616825,NI1360
2622092,Robert Roche,robertroche@gmail.com,5678265847,NI1188
3658196,Jimmy Hall,jimmyhall@gmail.com,6574225542,AL1841
1557365,Matthew Williams,matthewwilliams@gmail.com,4654785573,NI568
634830,Linda Bowen,lindabowen@gmail.com,6612721584,NI597
757835,Terrence Long,terrencelong@gmail.com,1633258558,EG633
8822519,Rafael Ferguson,rafaelferguson@gmail.com,6463571741,EG244
4958874,Mike Lee,mikelee@gmail.com,5684573387,EG108
3361191,Christine Smith,christinesmith@gmail.com,7354564838,NI1638
5007060,Edwin Lewis,edwinlewis@gmail.com,1245588235,KL1651
3491651,Eugenie Orear,eugenieorear@gmail.com,7526386362,NI1600
1516671,Robin Davis,robindavis@gmail.com,3274826743,EG1133
3207366,David Gallegos,davidgallegos@gmail.com,5845571388,NI1380
1224001,John Comer,johncomer@gmail.com,8727768856,NI03
4653324,Rodolfo Tremblay,rodolfotremblay@gmail.com,7176767563,EG686
4514615,Clarence Coleman,clarencecoleman@gmail.com,8648614468,NI1522
2156887,Marjorie Ronin,marjorieronin@gmail.com,6871572114,AL407
2089410,Gerald Woods,geraldwoods@gmail.com,3815821677,AL1360
2633050,Thelma Morales,thelmamorales@gmail.com,3332223884,NI276
7336030,David Tulloch,davidtulloch@gmail.com,3457265763,KL1700
1965297,Fred Lowe,fredlowe@gmail.com,7536151511,NI136
4262621,George Edwards,georgeedwards@gmail.com,7777224273,NI902
1568429,Dawn Wolfe,dawnwolfe@gmail.com,3461776772,AL685
5512596,Linda Wanner,lindawanner@gmail.com,7538878812,NI466
1519841,Pamela Heaney,pamelaheaney@gmail.com,6555317732,NI1135
2830575,Orpha Woodard,orphawoodard@gmail.com,3234812345,AL1171
2694408,David Scott,davidscott@gmail.com,8253545844,AL1334
1978155,Melia Finley,meliafinley@gmail.com,8654435617,KL874
1248589,Dora Walch,dorawalch@gmail.com,6831636432,NI664
2442691,William Alleman,williamalleman@gmail.com,8576538742,AL981
1067641,Jason Guerra,jasonguerra@gmail.com,3257453721,EG1056
7874801,John Estrada,johnestrada@gmail.com,1167724686,NI262
7829201,Juana Silva,juanasilva@gmail.com,2357818246,NI1016
8828214,Pamela Rhoades,pamelarhoades@gmail.com,4574711384,NI1152
2089473,Geoffrey Cook,geoffreycook@gmail.com,2287113846,AL1820
6621137,Marilyn Anderson,marilynanderson@gmail.com,6144316651,EG792
4224446,Gail Melanson,gailmelanson@gmail.com,2387214534,NI138
7211427,Sharon Keel,sharonkeel@gmail.com,3217827325,AL451
2352897,Stephaine Mcclelland,stephainemcclelland@gmail.com,8774574631,NI47
1275292,Wanda Kennedy,wandakennedy@gmail.com,5282382517,NI883
4632107,Eric Herrin,ericherrin@gmail.com,8578652758,NI181
9643394,Barbara Mortimer,barbaramortimer@gmail.com,2574746545,NI1328
4165785,Theresa Sicilian,theresasicilian@gmail.com,8331223636,NI1004
2704037,Helen Lofaro,helenlofaro@gmail.com,7416324616,NI1542
6179676,Michael Newsom,michaelnewsom@gmail.com,8844184863,KL1168
5305126,Marjorie West,marjoriewest@gmail.com,3352836246,AL1322
5155571,Andrew Donald,andrewdonald@gmail.com,3726156446,NI692
1722105,Henry Allen,henryallen@gmail.com,1522676817,NI851
835492,Michael Messina,michaelmessina@gmail.com,8224126733,EG959
8944406,Earl Brown,earlbrown@gmail.com,3135871382,AL918
5016388,Donald Fauntleroy,donaldfauntleroy@gmail.com,8811747781,NI194
3397595,Ronald Parrett,ronaldparrett@gmail.com,1115562142,NI231
2561278,Paul Stallard,paulstallard@gmail.com,8131173521,NI64
6673288,Christine Nelson,christinenelson@gmail.com,1467846852,EG1054
2475942,James Johnson,jamesjohnson@gmail.com,8278733764,KL1995
5405229,Marc Thompson,marcthompson@gmail.com,5673674142,NI1295
6334475,Barbara Degaetano,barbaradegaetano@gmail.com,2361656146,NI1100
5220088,Kevin Bone,kevinbone@gmail.com,8855323683,KL1453
6437082,Charles Knowles,charlesknowles@gmail.com,1811583865,EG342
2592352,Amelia Bain,ameliabain@gmail.com,1855781331,KL948
9516252,Maria Blanchard,mariablanchard@gmail.com,7136541761,NI588
1324520,Emily Morgan,emilymorgan@gmail.com,4348226615,NI121
6647964,Marcella Reed,marcellareed@gmail.com,5138637436,NI407
8519945,Harold Jones,haroldjones@gmail.com,7315725657,NI1642
7162355,Kathleen Smyth,kathleensmyth@gmail.com,4826788142,AL1256
8981880,Catherine Lopez,catherinelopez@gmail.com,5517142517,NI900
8863733,Robbie Falcone,robbiefalcone@gmail.com,2665338441,EG1158
2060728,Tony Bravo,tonybravo@gmail.com,4522368441,KL1896
2438802,Clara Williams,clarawilliams@gmail.com,1313465581,AL745
906708,Dale Worley,daleworley@gmail.com,8786786678,NI311
8528382,John Law,johnlaw@gmail.com,8431157645,EG1989
2832917,Jason Creighton,jasoncreighton@gmail.com,7613781541,EG1765
8208055,Katie Ceron,katieceron@gmail.com,3163263422,EG1175
5891492,Garrett Renfrow,garrettrenfrow@gmail.com,6341872728,NI785
740624,Nellie Iles,nellieiles@gmail.com,8432758654,NI616
3854890,Henry Mcgirt,henrymcgirt@gmail.com,2762734748,EG1440
3527648,Albert Richards,albertrichards@gmail.com,8357518768,AL1363
723122,Mary Gonzalez,marygonzalez@gmail.com,2844712214,NI1696
1575918,Anna Pante,annapante@gmail.com,7566125765,KL43
2441055,Frank Hetrick,frankhetrick@gmail.com,5832716172,KL1647
6932677,Glenda Montalvan,glendamontalvan@gmail.com,1354434384,NI293
9164143,Howard Stiles,howardstiles@gmail.com,8555411472,NI239
2927334,Kenneth Gagnon,kennethgagnon@gmail.com,6725631413,EG18
9815334,Elisabeth Lanford,elisabethlanford@gmail.com,4664627344,KL87
27687,Steven Fulgham,stevenfulgham@gmail.com,2218266672,AL400
9272496,Rebecca Tolle,rebeccatolle@gmail.com,4672726762,EG447
7919794,Joyce Deshaies,joycedeshaies@gmail.com,1454223748,AL447
7019405,Amy Price,amyprice@gmail.com,7562563188,NI727
8084536,Wallace Davis,wallacedavis@gmail.com,1881632732,AL711
2878697,Carlos Russell,carlosrussell@gmail.com,8864177865,NI1056
2598651,Robert Boyle,robertboyle@gmail.com,2513787568,NI634
4251437,George Blum,georgeblum@gmail.com,3748643588,KL774
9205448,Gail Burnette,gailburnette@gmail.com,1862817276,NI1879
6829375,Edward Pimentel,edwardpimentel@gmail.com,4333764578,KL1334
1704565,Michael Hess,michaelhess@gmail.com,7254454884,NI1413
8987073,Shayna Rooker,shaynarooker@gmail.com,6746875858,NI1687
193927,Ricky Ortega,rickyortega@gmail.com,3112461847,EG443
9190724,William Leary,williamleary@gmail.com,5427715257,NI1925
8054816,Melissa Gutierrez,melissagutierrez@gmail.com,3432416364,NI1346
6482155,Ann Johnson,annjohnson@gmail.com,6683828318,NI1000
8302669,Helen Mcdonald,helenmcdonald@gmail.com,7165564867,NI1623
7656600,Carolyn Andreasen,carolynandreasen@gmail.com,8145326132,EG202
9907694,Frances Goolsby,francesgoolsby@gmail.com,5527711627,NI1562
1979413,Martin Smith,martinsmith@gmail.com,1223456554,NI848
2589592,Marlene Grooms,marlenegrooms@gmail.com,2483464147,NI905
3572404,Gloria Jimenez,gloriajimenez@gmail.com,3536375235,AL1921
3947394,Edward Higgins,edwardhiggins@gmail.com,6756775237,EG113
7997885,Charles Eckman,charleseckman@gmail.com,3261338418,KL223
1542308,Michael Coursey,michaelcoursey@gmail.com,6675314743,NI68
537881,Daniel Dewitt,danieldewitt@gmail.com,1514187325,EG1746
8565880,Margaret Lee,margaretlee@gmail.com,7438782375,NI1724
8805933,Edward Atkins,edwardatkins@gmail.com,4343557821,NI154
7330822,William Burns,williamburns@gmail.com,7571147262,KL1134
4931468,Sean Pescatore,seanpescatore@gmail.com,7512725675,AL677
1453743,Martin Rosado,martinrosado@gmail.com,3784586367,KL1109
1213386,Amy Lowe,amylowe@gmail.com,3563456417,NI1232
7937964,Steven Falls,stevenfalls@gmail.com,6483122546,NI1251
8906261,Kristy Lawrence,kristylawrence@gmail.com,5861884723,EG1748
7551025,Dorothy Schmitt,dorothyschmitt@gmail.com,2764748623,EG1549
576652,Jami Hyde,jamihyde@gmail.com,2122165623,NI1936
5489353,Diana Cooper,dianacooper@gmail.com,7358361265,NI1624
3639197,Kelly Fillers,kellyfillers@gmail.com,8444134146,NI680
9131287,Jessie Broadfoot,jessiebroadfoot@gmail.com,5556845553,AL1410
443641,Reginald Russell,reginaldrussell@gmail.com,1346366355,NI817
7684838,Heidi Gavin,heidigavin@gmail.com,2773564367,NI1947
7388718,Dorothy Beesley,dorothybeesley@gmail.com,6278846462,NI958
295180,Lionel Pool,lionelpool@gmail.com,3882184154,NI371
9134905,Dawn Taylor,dawntaylor@gmail.com,1555711388,NI813
6988773,Bertha Barnes,berthabarnes@gmail.com,8424714784,NI300
6861617,Vera Presswood,verapresswood@gmail.com,7845634737,EG1283
4003675,Betty Cannon,bettycannon@gmail.com,6245516221,AL1216
3511454,Bruce Davies,brucedavies@gmail.com,8482344263,EG526
5356358,Mary Scott,maryscott@gmail.com,7346448244,NI1079
9962310,Michael Young,michaelyoung@gmail.com,8578113238,AL162
3096851,Walter Zamora,walterzamora@gmail.com,7735433565,NI1580
9220889,Tammy Brown,tammybrown@gmail.com,8741482177,KL969
5983481,Carol Bialaszewski,carolbialaszewski@gmail.com,4783482574,AL498
5302904,Elizabeth Boland,elizabethboland@gmail.com,5177545787,EG19
1759498,Nancy Mays,nancymays@gmail.com,6786522674,NI1703
9835141,Anna Baker,annabaker@gmail.com,3133488261,NI1261
2836875,Felicia Crocker,feliciacrocker@gmail.com,5526235244,NI708
762053,Sarah Palmour,sarahpalmour@gmail.com,8164131621,KL1231
2182772,Caroline Shu,carolineshu@gmail.com,4724522586,NI381
2862986,Robert Miles,robertmiles@gmail.com,4348342788,EG968
9921053,Christine Branch,christinebranch@gmail.com,8286647326,AL17
7585182,Brian Brown,brianbrown@gmail.com,7471474357,NI596
8002255,Jason Deyoung,jasondeyoung@gmail.com,3856863524,AL687
6292968,Emily Berhe,emilyberhe@gmail.com,1314114763,KL1279
9043918,Adam Ramirez,adamramirez@gmail.com,3532726728,NI427
8704385,Justin Pruett,justinpruett@gmail.com,4585228556,KL1318
3019120,Lillian Sekel,lilliansekel@gmail.com,7666815458,EG809
7817185,Ryan Suarez,ryansuarez@gmail.com,5723332455,KL1796
2506505,Susan Steiner,susansteiner@gmail.com,5356452111,AL526
3820731,Douglas Adams,douglasadams@gmail.com,7747372446,NI911
5139710,Brent Medeiros,brentmedeiros@gmail.com,7258814162,KL1252
1343659,Thomas Blais,thomasblais@gmail.com,6562738818,NI302
9246456,Renee Dover,reneedover@gmail.com,5856377218,NI1025
4646814,Edward Cooper,edwardcooper@gmail.com,4521346763,NI1591
6765672,Ronald Yang,ronaldyang@gmail.com,6258873171,NI607
2212091,Ryan Daniel,ryandaniel@gmail.com,5288264751,NI1204
553050,Robert Headd,robertheadd@gmail.com,8337413556,NI103
8193806,James Mancuso,jamesmancuso@gmail.com,3828416233,AL1374
8609379,Daniel Mcneill,danielmcneill@gmail.com,7744588173,NI1481
9972679,John Anderson,johnanderson@gmail.com,3476225758,NI1244
2124495,Yolanda Archila,yolandaarchila@gmail.com,1115254455,EG242
6949160,Bryan Threatt,bryanthreatt@gmail.com,1531458744,NI832
6316905,Suzanne Green,suzannegreen@gmail.com,1523164733,EG1703
8080172,Carla King,carlaking@gmail.com,8517142152,KL104
1514877,Daisy Cummings,daisycummings@gmail.com,8216238532,KL693
5985173,Barbara Hall,barbarahall@gmail.com,8431454385,AL1985
3011554,James Sether,jamessether@gmail.com,6336165727,EG131
7242307,Martha Boynton,marthaboynton@gmail.com,2148588162,NI1427
8703644,Elizabeth Morris,elizabethmorris@gmail.com,7517538478,AL593
3457823,Susan Garza,susangarza@gmail.com,4884786767,EG746
5688173,Margie Davis,margiedavis@gmail.com,1768122761,AL1289
9024453,Russell Polcovich,russellpolcovich@gmail.com,8876562234,EG1655
5796968,Ali Anderson,alianderson@gmail.com,4228438672,EG112
2143251,Daniel Began,danielbegan@gmail.com,2778623241,NI648
5998409,Winifred Ware,winifredware@gmail.com,2187228116,AL239
1333916,Phillip Slavick,phillipslavick@gmail.com,1715836766,NI812
3712273,Jose Eldredge,joseeldredge@gmail.com,2844218715,NI1140
1234417,Terry Rodriguez,terryrodriguez@gmail.com,5153781553,KL205
4348256,Karen Frost,karenfrost@gmail.com,1583741468,NI374
108331,Debra Bryant,debrabryant@gmail.com,1646626163,AL1704
1150607,George Ferguson,georgeferguson@gmail.com,4312131285,AL1617
6301300,Larry Gonzalez,larrygonzalez@gmail.com,5324885828,AL1710
5756922,Manuel Morris,manuelmorris@gmail.com,7411156842,EG1224
7488813,Rebecca Dunn,rebeccadunn@gmail.com,2367863724,EG1925
1349316,Mario Kesterson,mariokesterson@gmail.com,6571553728,KL465
1929215,Minnie Mineo,minniemineo@gmail.com,3875554536,KL1792
5549013,Alfredo Neeley,alfredoneeley@gmail.com,8141634366,EG399
2698274,Mike Cooney,mikecooney@gmail.com,1746253273,NI242
3731834,Edward Baker,edwardbaker@gmail.com,3225644218,NI518
6952319,Daniel Moore,danielmoore@gmail.com,2648353545,NI1497
8945055,Mattie Riblett,mattieriblett@gmail.com,5117527162,KL1248
8711226,Nancy Breen,nancybreen@gmail.com,4211732276,NI1775
5497055,Terry Haws,terryhaws@gmail.com,6874366715,KL1070
2129609,James Shanks,jamesshanks@gmail.com,4567283243,NI1929
3884568,Ruth Logiudice,ruthlogiudice@gmail.com,3546687147,AL1842
2933232,Johnny Fleming,johnnyfleming@gmail.com,5485122588,NI139
8295153,Martina Weslowski,martinaweslowski@gmail.com,7837238661,NI1718
5401946,Jennifer Vice,jennifervice@gmail.com,7464616387,NI1565
8055221,Denice Toma,denicetoma@gmail.com,7136835732,AL1661
6704726,Kristin Giddings,kristingiddings@gmail.com,5835648835,KL1097
7136868,Misty Kuhn,mistykuhn@gmail.com,4765174556,AL1191
8728300,Timothy French,timothyfrench@gmail.com,5127522817,KL153
5045572,Gertrude Crutcher,gertrudecrutcher@gmail.com,5475445474,EG1692
5848906,Christopher Ray,christopherray@gmail.com,1728178516,NI207
9600881,Tiffany Phillip,tiffanyphillip@gmail.com,6821758526,NI1702
3460958,Grace Tapp,gracetapp@gmail.com,7684732637,NI323
1998580,Jamie Coleman,jamiecoleman@gmail.com,3528545486,NI1823
6316030,Elsie Nance,elsienance@gmail.com,1155371521,AL592
9391103,Bonnie Rowe,bonnierowe@gmail.com,6276668577,NI1455
869781,Alma Callaghan,almacallaghan@gmail.com,1882375838,NI1023
2371653,Gregory Zeiner,gregoryzeiner@gmail.com,3863526533,KL945
3378935,Thomas Chittum,thomaschittum@gmail.com,4245742547,KL665
9823232,Leslie Middleton,lesliemiddleton@gmail.com,6834325754,NI647
5812378,Gerald Dilley,geralddilley@gmail.com,5662843143,EG1684
1971403,Karla Thompson,karlathompson@gmail.com,1136687342,NI807
7248340,Edward Smartt,edwardsmartt@gmail.com,4317666884,EG848
3167943,Jose Vue,josevue@gmail.com,6753818251,KL355
2103924,Clara Boyd,claraboyd@gmail.com,8548512238,EG346
9139083,Teri Nasta,terinasta@gmail.com,3762452542,NI1578
6772515,Curtis Henderson,curtishenderson@gmail.com,4584765277,NI1124
8696296,Ashley Perez,ashleyperez@gmail.com,3736281278,NI1476
8547688,Tracy Jacinto,tracyjacinto@gmail.com,8415743565,KL1487
4664598,Elizabeth Wilson,elizabethwilson@gmail.com,2216711454,AL1373
6511306,Howard Pruitt,howardpruitt@gmail.com,5567554268,KL576
6249532,Fernando Lim,fernandolim@gmail.com,1661648885,NI1303
9473886,Kitty Hirkaler,kittyhirkaler@gmail.com,7577635376,NI1567
7450788,Joan Sandling,joansandling@gmail.com,4155461584,AL66
6731334,Christine Petermann,christinepetermann@gmail.com,1725658251,EG1402
5772843,Pamela Hughes,pamelahughes@gmail.com,3576672866,NI931
9747822,Angel Mccutchen,angelmccutchen@gmail.com,1124112561,EG691
1520791,Patricia Johnson,patriciajohnson@gmail.com,2125413528,EG1040
4973788,Billy Copeland,billycopeland@gmail.com,6171751667,EG979
7354948,John Ford,johnford@gmail.com,8888658311,NI287
2119125,Robert Barry,robertbarry@gmail.com,1854522385,AL959
4583851,Casey Kendall,caseykendall@gmail.com,8582314618,NI358
2598166,Randy Hood,randyhood@gmail.com,6442762113,EG1611
1069751,Tiffany Escobedo,tiffanyescobedo@gmail.com,5875174115,AL1675
9187347,Patricia Nice,patricianice@gmail.com,6412814364,AL156
4292364,Brittany Decker,brittanydecker@gmail.com,1225371311,AL1100
9460068,Ann Kiser,annkiser@gmail.com,3312576883,EG363
2710242,Shirley Cross,shirleycross@gmail.com,5843577187,NI69
1388116,Leroy Lacoy,leroylacoy@gmail.com,2551866384,NI134
6897390,Florence Curry,florencecurry@gmail.com,8683677173,EG908
7668486,Nancy Mitchell,nancymitchell@gmail.com,1511452322,NI116
1264236,Tonya Pulley,tonyapulley@gmail.com,6243842424,KL1768
748053,Margaret Pell,margaretpell@gmail.com,6484634147,NI146
6403446,Kimberlee Sandoval,kimberleesandoval@gmail.com,7583134463,NI1663
1412410,Oscar Coble,oscarcoble@gmail.com,3743258223,EG1241
7556976,Robyn Davis,robyndavis@gmail.com,3587565832,AL836
590276,Justin Hart,justinhart@gmail.com,8713842333,KL1293
8075466,Hector Jones,hectorjones@gmail.com,2716454822,KL1591
5006495,Linda Hawkins,lindahawkins@gmail.com,3751272311,NI45
7404805,Janet Rutkowski,janetrutkowski@gmail.com,4183374241,NI1771
2383686,Patricia Potter,patriciapotter@gmail.com,4578663713,KL1913
4255490,Thea Martinez,theamartinez@gmail.com,2532318713,KL1220
6051814,Andrew Alexander,andrewalexander@gmail.com,4657576526,AL1527
9731387,Malissa Porch,malissaporch@gmail.com,7471351311,NI721
399596,Ben Saathoff,bensaathoff@gmail.com,3442183668,NI425
1800317,Herman Tremblay,hermantremblay@gmail.com,6332521757,NI761
4484319,Carolyn Talbot,carolyntalbot@gmail.com,3354711868,NI1628
3939910,David Howard,davidhoward@gmail.com,7483387756,EG40
6630446,Anderson Gray,andersongray@gmail.com,6332482311,KL835
4504384,Ranae George,ranaegeorge@gmail.com,3848163243,NI1400
5388993,Patricia Ludlow,patricialudlow@gmail.com,1112354237,EG1555
4527529,Andy Brooks,andybrooks@gmail.com,3263626278,NI734
2373509,Hong Forbess,hongforbess@gmail.com,5571372543,NI488
7536051,Jesse Floto,jessefloto@gmail.com,6183725563,NI1790
9336099,Tina Marrow,tinamarrow@gmail.com,7257432535,NI274
5103667,Bernard Horton,bernardhorton@gmail.com,5478527221,AL43
6341448,Raymond Bethke,raymondbethke@gmail.com,1135677614,AL972
3998206,Dominick Childers,dominickchilders@gmail.com,7744764535,EG1689
3640503,Cori Walden,coriwalden@gmail.com,8586333458,NI229
4588814,Anita Garcia,anitagarcia@gmail.com,3317421687,EG1918
2470917,James Clemments,jamesclemments@gmail.com,3672145311,NI141
2995012,Rosemarie Thames,rosemariethames@gmail.com,5184548624,NI282
7666936,Lora Stephens,lorastephens@gmail.com,3423552134,NI403
2648174,Glenna Gibbs,glennagibbs@gmail.com,5881354282,NI244
2186245,Linda Gill,lindagill@gmail.com,7216425866,EG1101
7888554,George Grube,georgegrube@gmail.com,7212846658,KL56
4701871,Charles Eddins,charleseddins@gmail.com,2416382714,EG1979
3335366,Laura Schultz,lauraschultz@gmail.com,3837211835,AL1276
4060918,Jimmy Lord,jimmylord@gmail.com,7173722163,AL611
7435383,James Lobato,jameslobato@gmail.com,2546165828,EG1759
2812368,Bill Williamson,billwilliamson@gmail.com,3574345255,NI809
3457942,Angela Rance,angelarance@gmail.com,5314735656,NI717
9143030,Rosario Brink,rosariobrink@gmail.com,2823542724,AL1446
1229705,Jonathan Liner,jonathanliner@gmail.com,3566768885,NI866
9422860,Sheila Timmons,sheilatimmons@gmail.com,5751862465,AL1508
94945,Margaret Moeller,margaretmoeller@gmail.com,7431328734,NI1640
322103,Mark Simpkins,marksimpkins@gmail.com,3337371556,NI1935
5450506,Jennifer Matthews,jennifermatthews@gmail.com,3555813318,KL919
2609373,Williams Seed,williamsseed@gmail.com,5547575357,KL885
6333360,William Davidson,williamdavidson@gmail.com,4364733878,KL172
2142869,Betty Covington,bettycovington@gmail.com,3542326763,NI1207
1950032,Amy Rogers,amyrogers@gmail.com,7521532878,NI1326
5478509,Nancy Bender,nancybender@gmail.com,3757353288,KL1301
949609,Lois Short,loisshort@gmail.com,6287731564,NI389
8605247,Marie Ledford,marieledford@gmail.com,3677537845,AL1858
3110715,Laurel Logan,laurellogan@gmail.com,6135533562,KL1021
5787833,Mark Alvarez,markalvarez@gmail.com,2268136243,KL400
8086395,Judith Glasscock,judithglasscock@gmail.com,1532142656,KL1503
3275801,James Covino,jamescovino@gmail.com,4411673775,EG612
7199485,Toni Vaughn,tonivaughn@gmail.com,4328686723,AL1382
3931128,Jamie Howard,jamiehoward@gmail.com,3117262731,NI1371
5343179,Cecil Steele,cecilsteele@gmail.com,3886644785,EG235
3533798,Carla Faulk,carlafaulk@gmail.com,7583176824,AL382
2921751,Suzanne Carson,suzannecarson@gmail.com,5163411637,EG970
9915026,Connie Fleming,conniefleming@gmail.com,3186187655,NI822
9387771,Jewel Sanders,jewelsanders@gmail.com,7817874555,NI132
6628334,Rochelle Landry,rochellelandry@gmail.com,8361445325,NI1162
9791188,Miguel Dye,migueldye@gmail.com,2327223622,KL1863
6133914,Tommy Thrall,tommythrall@gmail.com,8174845862,NI945
4360187,Melanie Wray,melaniewray@gmail.com,7425741281,EG1999
4299765,Ruby Martin,rubymartin@gmail.com,2116154563,AL10
159717,Jarrett Gunter,jarrettgunter@gmail.com,4353356638,KL1522
449001,James Travis,jamestravis@gmail.com,4576518188,EG1221
6308382,Karen Youngblood,karenyoungblood@gmail.com,4321515627,EG1472
730848,Scott Chapman,scottchapman@gmail.com,3471256377,EG1019
5159760,Kenneth Estrada,kennethestrada@gmail.com,7127637857,NI1255
2638013,Ed White,edwhite@gmail.com,7138725637,KL1540
6762585,Karen Baumeister,karenbaumeister@gmail.com,1611557277,NI737
6409764,Richard Charles,richardcharles@gmail.com,4266128873,NI491
3620205,Jessica Lavine,jessicalavine@gmail.com,4611743131,NI526
9769694,Margaret Cline,margaretcline@gmail.com,5143417181,EG02
4831044,Romana Burns,romanaburns@gmail.com,1643115426,EG1880
5673499,Willard Reyes,willardreyes@gmail.com,5248133368,KL1275
628053,Leonardo Joecks,leonardojoecks@gmail.com,3755765716,KL1421
7788546,Sherman Lamb,shermanlamb@gmail.com,8731818456,NI57
9259976,Alfred Meler,alfredmeler@gmail.com,6427467813,EG1672
2035410,Sharon Birch,sharonbirch@gmail.com,2632458175,EG1197
3715471,Laura Moore,lauramoore@gmail.com,1244543222,EG821
6319118,Joseph Meyer,josephmeyer@gmail.com,4653451876,EG1636
9486687,Mary Sloan,marysloan@gmail.com,6415245417,KL983
2783936,Antonio Westman,antoniowestman@gmail.com,3587422467,NI1411
4871610,Morris Jones,morrisjones@gmail.com,2427475861,EG990
6099859,Nathan Bradshaw,nathanbradshaw@gmail.com,3155361487,KL1693
9008505,Ronald Martin,ronaldmartin@gmail.com,7781683211,EG1160
8615300,Nathan Donnell,nathandonnell@gmail.com,5516343765,NI385
3184206,Carolyn Rowe,carolynrowe@gmail.com,4262274348,NI1874
2110388,Carolyn Beaman,carolynbeaman@gmail.com,1274835178,KL445
9155196,Orlando Aron,orlandoaron@gmail.com,5164654323,NI1667
2837100,Timothy Hobdy,timothyhobdy@gmail.com,6588847282,EG638
6408151,Patricia Wick,patriciawick@gmail.com,7834341854,KL06
6857257,Luis Harris,luisharris@gmail.com,3141766861,NI1035
8140527,Ignacio Simpson,ignaciosimpson@gmail.com,6541423686,EG1034
7473442,Gustavo Kelly,gustavokelly@gmail.com,4816533785,NI1837
1739266,Jonathan Gutierrez,jonathangutierrez@gmail.com,6155185775,EG1482
5072925,Brandon Barham,brandonbarham@gmail.com,2887346185,NI720
4137295,Walter Greene,waltergreene@gmail.com,2478875315,KL1660
7868463,Cameron Miller,cameronmiller@gmail.com,6328881614,NI515
9048619,James Morris,jamesmorris@gmail.com,1631811185,EG972
281640,Albert Canales,albertcanales@gmail.com,1315486276,AL1168
1119615,George Miller,georgemiller@gmail.com,4551361764,KL1076
3944309,Virginia White,virginiawhite@gmail.com,8747666366,NI55
6530469,Leslie Mitchell,lesliemitchell@gmail.com,4565746712,NI1755
5746038,Jacquelyn Bryant,jacquelynbryant@gmail.com,3463476646,EG369
9872703,Krista Brown,kristabrown@gmail.com,5671286245,NI1835
2720568,Jackie Terwilliger,jackieterwilliger@gmail.com,5474462115,AL1701
9260024,Edward Denson,edwarddenson@gmail.com,8853821763,EG1935
9149971,Evelyn Huff,evelynhuff@gmail.com,5537616564,KL1146
2954955,Evelyn Helms,evelynhelms@gmail.com,5426867816,EG961
5647697,Catherine Cummings,catherinecummings@gmail.com,2384751753,AL64
9229056,Jim Miller,jimmiller@gmail.com,5272187837,NI1171
7450569,Sharon Albair,sharonalbair@gmail.com,7573724112,NI1876
9480921,Shannon Stewart,shannonstewart@gmail.com,8357622317,AL585
5350384,Adrian Rivera,adrianrivera@gmail.com,7434518712,EG1317
8081364,Charles Poucher,charlespoucher@gmail.com,7758347376,AL98
3401072,Shakira Mcfarland,shakiramcfarland@gmail.com,6777831244,AL722
9106984,Darnell Exley,darnellexley@gmail.com,7524617178,AL1629
1779361,Frances Swelgart,francesswelgart@gmail.com,8685241438,AL1402
9527238,Antoinette Sansone,antoinettesansone@gmail.com,1781821214,AL989
9516434,Larry Hodge,larryhodge@gmail.com,3343222233,NI1397
4364064,Stephen Campbell,stephencampbell@gmail.com,1288532278,NI1619
246225,John Shipp,johnshipp@gmail.com,6837224128,NI119
7336088,Dessie Miller,dessiemiller@gmail.com,6348672738,NI226
8450266,Elia Allen,eliaallen@gmail.com,4334823567,EG385
1758406,Everette Williamson,everettewilliamson@gmail.com,8811763344,NI510
312583,Richard Mclean,richardmclean@gmail.com,1214761621,NI1680
6929537,Anne Hepner,annehepner@gmail.com,6313621525,AL324
827846,Nicholas Stroup,nicholasstroup@gmail.com,3478331164,NI133
5857250,Dustin Cunningham,dustincunningham@gmail.com,5172636877,NI296
3065541,Lisa Allee,lisaallee@gmail.com,3764713374,EG1687
5516805,Melissa Lane,melissalane@gmail.com,7487251738,NI621
335919,Thomas Costa,thomascosta@gmail.com,5483415368,KL1584
409918,Emily Esposito,emilyesposito@gmail.com,7184438163,EG1960
4625529,Adam Heiliger,adamheiliger@gmail.com,3524346886,KL932
3630855,Percy Crowe,percycrowe@gmail.com,1141751838,EG1822
5415361,Frederick Swope,frederickswope@gmail.com,1884681257,AL1583
1647707,Josie Piercy,josiepiercy@gmail.com,4813364573,NI756
3349576,Sandra House,sandrahouse@gmail.com,1333157815,NI784
5036115,Elizabeth Kennedy,elizabethkennedy@gmail.com,6156366461,NI1937
2302307,Adriana Mitchell,adrianamitchell@gmail.com,8715271221,NI273
5451316,Glenda Manery,glendamanery@gmail.com,1672657547,NI1962
4250981,Helen Motts,helenmotts@gmail.com,1616774228,NI1743
8627382,Bernard Williams,bernardwilliams@gmail.com,4853365337,AL1643
6050701,Pamela Corvera,pamelacorvera@gmail.com,6334184322,EG426
2397282,Leonor Santos,leonorsantos@gmail.com,2622725618,NI758
6782965,Dolores Ward,doloresward@gmail.com,8566887672,NI1205
2002892,Arnold Hart,arnoldhart@gmail.com,5441721226,NI1761
1457555,Isabel Brown,isabelbrown@gmail.com,7873656421,AL455
5032710,Kevin Hill,kevinhill@gmail.com,8267845442,KL1290
8473720,Michael Herron,michaelherron@gmail.com,5874753153,KL1827
9404233,Robert Barnett,robertbarnett@gmail.com,7158472774,NI1458
3806452,Raymond James,raymondjames@gmail.com,6572835182,NI289
4303697,Wendy Kehoe,wendykehoe@gmail.com,5717635832,KL696
9025225,Kevin Cole,kevincole@gmail.com,7225316283,EG1533
8245271,Michael Keisler,michaelkeisler@gmail.com,3624154376,KL1536
6879745,Beatrice Block,beatriceblock@gmail.com,5182615711,KL268
9787806,Gertrude Davidson,gertrudedavidson@gmail.com,7557642164,EG1553
6921331,Larry Collins,larrycollins@gmail.com,4561478644,KL754
9195924,Robin Gifford,robingifford@gmail.com,3561587753,KL106
4370138,Hanna Welch,hannawelch@gmail.com,2686166567,KL1019
5864619,Robin Mata,robinmata@gmail.com,3531716757,KL1434
6571340,Jon Collins,joncollins@gmail.com,1366486786,EG1157
2838522,Marilyn Traxler,marilyntraxler@gmail.com,8431136735,NI827
4712948,Lottie Beech,lottiebeech@gmail.com,7188272628,EG1699
7628623,Ollie Phillips,olliephillips@gmail.com,4372533125,NI736
9068597,Cleo Milam,cleomilam@gmail.com,6236826434,EG907
1989441,Andrea Glessner,andreaglessner@gmail.com,8316257856,AL1141
3775885,Jennifer Meehan,jennifermeehan@gmail.com,3112622163,AL931
7786844,Earle Cave,earlecave@gmail.com,2373724454,KL168
7523557,Shirley Marquis,shirleymarquis@gmail.com,3821155722,AL583
1740099,Michael Patino,michaelpatino@gmail.com,2555517742,NI1784
9386711,John Lipsky,johnlipsky@gmail.com,8283231755,KL680
9088551,Ethel Guintanilla,ethelguintanilla@gmail.com,6542677253,EG323
1608898,John Schneider,johnschneider@gmail.com,8212488634,AL1608
4750089,Esther Crocker,esthercrocker@gmail.com,5587746174,EG08
4501489,Kristen Bryant,kristenbryant@gmail.com,7851261371,KL1428
9454043,Morris Maestas,morrismaestas@gmail.com,4737318681,NI871
3255566,Lucille Simon,lucillesimon@gmail.com,1365775464,NI1968
1483311,Carlos Allen,carlosallen@gmail.com,8543535822,KL1576
4013619,Miguel Halpin,miguelhalpin@gmail.com,4316761353,KL1879
5237840,Wayne Haas,waynehaas@gmail.com,5375767686,EG1481
963769,Tiffani Clay,tiffaniclay@gmail.com,8386228321,KL1529
928960,Jennifer Greenfeld,jennifergreenfeld@gmail.com,3812241526,NI1501
2696462,Lorene Foster,lorenefoster@gmail.com,1557488425,AL08
4895188,Suzanne Lee,suzannelee@gmail.com,7325683722,AL1042
9351608,William Banks,williambanks@gmail.com,8233584147,AL1094
1753054,Patricia Mcdaniel,patriciamcdaniel@gmail.com,1716446572,KL1992
8808024,William Green,williamgreen@gmail.com,3445827246,KL126
5564134,Gerry Stlouis,gerrystlouis@gmail.com,7453832366,NI1850
6309828,Sandra Gilbert,sandragilbert@gmail.com,4432447885,NI461
8690836,Jack Mcmonagle,jackmcmonagle@gmail.com,8812521354,NI935
3797977,Alan Altamirano,alanaltamirano@gmail.com,2456382674,EG1362
5082989,Kevin Kendrick,kevinkendrick@gmail.com,1377187788,KL894
8001265,Sarah Johnson,sarahjohnson@gmail.com,1336256154,NI1265
8256608,Julie Hatfield,juliehatfield@gmail.com,4148362155,NI1226
214446,Sara Lemke,saralemke@gmail.com,8358887661,NI1073
129065,Don Morrison,donmorrison@gmail.com,8556743875,KL1480
8246705,Virginia Dillard,virginiadillard@gmail.com,7644442422,NI1538
3010177,James Seltzer,jamesseltzer@gmail.com,1775277535,KL243
9094863,Toni Ahmed,toniahmed@gmail.com,5677167717,NI927
4141967,Lisa Covington,lisacovington@gmail.com,3268114373,NI329
6304245,Francis Mcclelland,francismcclelland@gmail.com,5727778613,NI83
9493365,Courtney Davis,courtneydavis@gmail.com,2744348742,AL770
4899374,Kathryn Beaton,kathrynbeaton@gmail.com,4742323742,KL1723
2954425,Paul Parsons,paulparsons@gmail.com,7425724747,NI168
8994474,Melissa Mackey,melissamackey@gmail.com,2386745248,NI1847
8105744,Terry Boone,terryboone@gmail.com,2718731772,NI1134
3354060,David Christman,davidchristman@gmail.com,8563368168,NI1814
4825579,Barbara Neal,barbaraneal@gmail.com,1513836887,NI21
5300158,Bernice Flynn,berniceflynn@gmail.com,8136244352,EG1722
9527711,Kimberlee Taylor,kimberleetaylor@gmail.com,6478511572,KL452
1618523,Patricia Tarbox,patriciatarbox@gmail.com,1758563212,AL433
4126676,Michael Harrison,michaelharrison@gmail.com,5122688483,KL909
6042084,Jerry Puckett,jerrypuckett@gmail.com,3621824111,EG1443
1215444,Cristina Hledik,cristinahledik@gmail.com,1874636122,KL1679
4484371,Randall Scott,randallscott@gmail.com,7878251584,AL42
1189877,Anthony Veneziano,anthonyveneziano@gmail.com,3881814566,KL198
1648794,Fred Ferguson,fredferguson@gmail.com,8687315241,NI1989
4162576,John Houston,johnhouston@gmail.com,4222678551,EG914
456292,Joi Schon,joischon@gmail.com,5886587748,AL1346
4601009,Tracy Hoage,tracyhoage@gmail.com,3784738315,AL655
6118950,Travis Pate,travispate@gmail.com,7224271852,AL136
2862898,Paul Campbell,paulcampbell@gmail.com,4255718855,EG1912
977996,Robert Dean,robertdean@gmail.com,3576413442,NI876
6652894,Valerie Malloy,valeriemalloy@gmail.com,6713175217,AL465
6569891,Minnie Gordon,minniegordon@gmail.com,6444155816,NI312
6077889,Lisa Brookes,lisabrookes@gmail.com,8261431124,KL420
2271124,Carrie Scavotto,carriescavotto@gmail.com,8328368242,NI1602
3588840,Sara Wilson,sarawilson@gmail.com,4375385351,NI592
4839080,Barbara Burns,barbaraburns@gmail.com,5545553171,KL1565
1059637,Alice Newitt,alicenewitt@gmail.com,1151734227,EG563
8944843,Thomas Zelaya,thomaszelaya@gmail.com,7886851686,KL941
4242858,Robert Williford,robertwilliford@gmail.com,8176512631,AL1020
3433673,Dennis Rogers,dennisrogers@gmail.com,2387568451,NI1882
3521875,Kay Downing,kaydowning@gmail.com,8256186161,AL1330
628732,Eric Dell,ericdell@gmail.com,3524627111,NI579
9979924,Robert Carr,robertcarr@gmail.com,8423121524,KL743
4206997,Maria Mcalister,mariamcalister@gmail.com,7361227588,AL1844
9351605,Bryan Forsythe,bryanforsythe@gmail.com,1653134817,NI1588
8052775,Sandy Duncan,sandyduncan@gmail.com,4468673122,NI553
2607259,Diane Grey,dianegrey@gmail.com,7714788414,NI1916
7987470,Lisa Wallis,lisawallis@gmail.com,7654653621,NI1315
2371262,Eric Haro,ericharo@gmail.com,8443628815,NI248
860737,John Rice,johnrice@gmail.com,8427246425,NI1722
8893110,Matthew Clarke,matthewclarke@gmail.com,7421727813,NI559
7724505,Emanuel Wellington,emanuelwellington@gmail.com,6138323381,AL701
9027832,Maurice Perez,mauriceperez@gmail.com,4451425553,NI1193
6063940,Jessica Mccoach,jessicamccoach@gmail.com,3486132671,NI881
4248559,Agnes Hankins,agneshankins@gmail.com,1584218842,NI76
6080455,Deborah Bellanger,deborahbellanger@gmail.com,7666742468,NI193
9155973,Christian Becerra,christianbecerra@gmail.com,2211187424,NI75
6434022,Mary Studt,marystudt@gmail.com,7267723523,EG455
5416047,Neal Mayer,nealmayer@gmail.com,2777371656,KL311
9774845,Kenny Wilson,kennywilson@gmail.com,6323671833,AL166
1661275,Ryan Kelly,ryankelly@gmail.com,3674324388,KL1485
9657902,Christi Seifert,christiseifert@gmail.com,5644747686,KL830
7306364,Paula Lewis,paulalewis@gmail.com,8156843557,NI1126
5877755,John Lee,johnlee@gmail.com,1247733115,EG1144
5403591,Lois Smith,loissmith@gmail.com,4665244376,KL543
3948099,Maria Sawyer,mariasawyer@gmail.com,8738417382,EG92
3665112,James Bangs,jamesbangs@gmail.com,4881338772,NI197
6427218,Jane Weis,janeweis@gmail.com,8486541478,NI161
6552554,Heather Mcmorran,heathermcmorran@gmail.com,2516811625,KL1432
9246510,Tara Myers,taramyers@gmail.com,8468855683,KL485
4976908,Donald Cianciolo,donaldcianciolo@gmail.com,6735371745,EG676
1324978,Brian Martin,brianmartin@gmail.com,1482212481,EG1964
2940097,Mitchell Boyers,mitchellboyers@gmail.com,1462841488,NI1378
6074523,Flora Manuel,floramanuel@gmail.com,4247342316,AL528
7278858,Wendy Pacheco,wendypacheco@gmail.com,3287856261,NI148
4063468,Joyce Weathers,joyceweathers@gmail.com,3465235417,NI1555
4270152,Grady White,gradywhite@gmail.com,5743461163,AL960
4843438,Margarita Bailey,margaritabailey@gmail.com,4374461842,EG1552
6450087,Erika Andrade,erikaandrade@gmail.com,1236122361,NI589
6125572,Linda Bice,lindabice@gmail.com,5717183688,NI750
9580646,Kimberly Griffin,kimberlygriffin@gmail.com,4216772652,NI223
4423261,Billie Zuehlke,billiezuehlke@gmail.com,8435881334,EG46
4054740,Patricia Bolden,patriciabolden@gmail.com,2756186826,NI1984
2876875,Gary Andrews,garyandrews@gmail.com,1178516617,NI1688
2602077,Miriam Bishop,miriambishop@gmail.com,5354115482,NI268
1408311,Anthony Wilson,anthonywilson@gmail.com,4784184252,AL69
2429318,Michael Hulett,michaelhulett@gmail.com,4256716374,KL1854
9958689,Michael Jones,michaeljones@gmail.com,3877546352,KL703
473620,Kathy Mittlestadt,kathymittlestadt@gmail.com,8464626628,KL1605
6800211,Edward Manning,edwardmanning@gmail.com,4748455777,EG68
7754236,Samuel Lloyd,samuellloyd@gmail.com,1822635146,KL1705
6595521,Florence Emmert,florenceemmert@gmail.com,5851763627,NI483
777258,William Bianco,williambianco@gmail.com,1346245747,EG895
9174166,William Randall,williamrandall@gmail.com,4118744416,NI874
2844469,Donald Williams,donaldwilliams@gmail.com,1411882575,KL1131
4942821,Nicholas Hunter,nicholashunter@gmail.com,3263726466,NI1976
5365844,Gloria Mcgrew,gloriamcgrew@gmail.com,7845816114,AL1327
1586512,Estella Schneider,estellaschneider@gmail.com,3228662582,AL501
7892727,Adelina English,adelinaenglish@gmail.com,4485562214,NI1452
2966372,Michael Her,michaelher@gmail.com,8843825141,AL678
5132452,Roy Reik,royreik@gmail.com,4185731241,EG268
9517226,John Martinez,johnmartinez@gmail.com,8613733436,NI1194
531353,John Cash,johncash@gmail.com,8874867162,NI677
2401715,Kelly Philips,kellyphilips@gmail.com,8845725144,NI1463
1724326,Michael Stoviak,michaelstoviak@gmail.com,2455551422,KL1128
523572,Maria Reinhardt,mariareinhardt@gmail.com,6566714855,EG1090
599559,Bryon Cameron,bryoncameron@gmail.com,2456316428,KL1733
4198705,Allison Hayes,allisonhayes@gmail.com,7328581423,NI640
5209283,Mary May,marymay@gmail.com,4174423114,KL1806
9145596,Audra Peterson,audrapeterson@gmail.com,6672487221,NI1169
6038557,Jack Collins,jackcollins@gmail.com,4522638343,KL1848
902822,James Salisbury,jamessalisbury@gmail.com,4677451123,KL804
6561650,Ella Adams,ellaadams@gmail.com,2616688856,NI1063
9735248,Steven Goggins,stevengoggins@gmail.com,1158484127,AL1030
904668,Sandra Wysong,sandrawysong@gmail.com,5821626664,NI285
270148,Edna Odonnell,ednaodonnell@gmail.com,3828428651,KL1491
566157,Claudette Carter,claudettecarter@gmail.com,5615627625,NI1116
4087992,Jose Weideman,joseweideman@gmail.com,6885147511,NI1717
8010718,Amy Sittre,amysittre@gmail.com,2488231218,KL972
7124527,Shannan Lopez,shannanlopez@gmail.com,6726244356,NI1778
5128563,Lori Jones,lorijones@gmail.com,6265815873,NI1613
5143925,Richard Holley,richardholley@gmail.com,4683331455,AL1404
6298222,Amanda Soltis,amandasoltis@gmail.com,6431733831,NI1191
6490652,Marilyn Proulx,marilynproulx@gmail.com,7861781624,AL1115
4952798,Myrl Mitchener,myrlmitchener@gmail.com,4845638116,AL1656
1870029,Daniel Whitehead,danielwhitehead@gmail.com,5816733632,NI1753
1983587,Ann Olivia,annolivia@gmail.com,5735478636,KL1419
264444,Craig Berger,craigberger@gmail.com,4366161624,NI96
2649507,Howard Nishiyama,howardnishiyama@gmail.com,7631464646,NI142
9112148,Marie Juett,mariejuett@gmail.com,5755278332,EG1152
8108304,Mathew Adkins,mathewadkins@gmail.com,3371682551,EG1955
4597851,Rebecca Perry,rebeccaperry@gmail.com,6155377533,NI503
948513,Jesse Holmes,jesseholmes@gmail.com,8448748656,NI1977
6513230,Michael Benton,michaelbenton@gmail.com,7753552828,AL1811
4072451,Meghan Wright,meghanwright@gmail.com,8358837758,EG1021
9282868,Russell Ward,russellward@gmail.com,7236778386,KL1202
8534327,Brandon Weiss,brandonweiss@gmail.com,1531521162,NI218
6705397,Cindy Tracy,cindytracy@gmail.com,1461785446,KL542
984716,Gloria Scott,gloriascott@gmail.com,8666542237,AL1489
2869183,Robert Green,robertgreen@gmail.com,7637548248,EG1284
6622445,Megan Craig,megancraig@gmail.com,8763765413,AL1283
7451577,Ava Easterling,avaeasterling@gmail.com,7513881124,EG1399
2680261,Glenn Taylor,glenntaylor@gmail.com,4246427437,NI857
6873233,Russell Dowdy,russelldowdy@gmail.com,7583112432,NI1375
7691848,Nickolas Butler,nickolasbutler@gmail.com,5453577118,EG1882
8954608,Jay Mcfadden,jaymcfadden@gmail.com,6172666624,KL115
1826506,Linda Dicks,lindadicks@gmail.com,6738388677,KL1028
46876,Evelyn Luke,evelynluke@gmail.com,8786358273,EG965
2092535,Monique Pollard,moniquepollard@gmail.com,3366132471,KL724
6156766,Greg Marquez,gregmarquez@gmail.com,4438626846,KL143
7177663,Leland Cremeans,lelandcremeans@gmail.com,5442466377,NI1803
6249934,Andrew Kidwell,andrewkidwell@gmail.com,8427668714,KL992
4430243,Kathleen Everett,kathleeneverett@gmail.com,1873432711,AL769
8358644,Philip Long,philiplong@gmail.com,7381311527,NI1740
3945335,John Damboise,johndamboise@gmail.com,2468378111,KL890
546846,Kristina Stepp,kristinastepp@gmail.com,4755613316,NI879
504699,Melanie Roberts,melanieroberts@gmail.com,5572876375,NI359
7689134,Albert Newman,albertnewman@gmail.com,7845147776,KL1219
8465457,Jeff Livingston,jefflivingston@gmail.com,5431318228,NI1844
1336492,Wallace Deleon,wallacedeleon@gmail.com,3642313111,EG587
7440886,Nina Baggett,ninabaggett@gmail.com,5533735413,KL1628
5941410,Elizabeth Browning,elizabethbrowning@gmail.com,2464276213,NI1443
5689186,Laurie Fitzhugh,lauriefitzhugh@gmail.com,2854554138,NI1288
653395,Craig Williams,craigwilliams@gmail.com,8841541814,NI1006
502642,Edith Licudine,edithlicudine@gmail.com,3631873564,NI51
7325564,Eddie Morin,eddiemorin@gmail.com,4176337633,KL367
8631168,Mathew Messenger,mathewmessenger@gmail.com,7327181612,KL677
57644,Ralph Benson,ralphbenson@gmail.com,2277553418,NI1163
9056561,Emma Weiland,emmaweiland@gmail.com,5316855663,NI478
7561016,Robert Saraf,robertsaraf@gmail.com,5866483123,KL1344
630880,Anne Anderson,anneanderson@gmail.com,3443186558,AL405
9817061,Glen Watkins,glenwatkins@gmail.com,8444676745,NI166
1198364,Robert Reinke,robertreinke@gmail.com,3278175731,KL1260
425920,Steve Jackson,stevejackson@gmail.com,5661342212,NI862
8239211,Marjorie French,marjoriefrench@gmail.com,4521818571,AL673
2915766,Suzanna Hull,suzannahull@gmail.com,3636164575,AL1461
7166112,Charles Batchelor,charlesbatchelor@gmail.com,1557112113,KL30
3536573,Rita Mcgehee,ritamcgehee@gmail.com,3652637373,AL265
5986668,Angela Carson,angelacarson@gmail.com,5211685878,NI1658
4246949,James Mckenney,jamesmckenney@gmail.com,2848777282,AL1673
3744534,Michelle Hayes,michellehayes@gmail.com,3447431185,NI1490
5577829,Mike Barnett,mikebarnett@gmail.com,6243885854,NI1966
8674278,Frederick Ballester,frederickballester@gmail.com,5225358574,AL1501
4036550,David Schut,davidschut@gmail.com,7125414661,KL825
9080018,Evelyn Borowski,evelynborowski@gmail.com,3727834884,AL507
6900818,Odessa Stewart,odessastewart@gmail.com,2437636458,NI738
3988082,Stacy Washington,stacywashington@gmail.com,1582243767,KL124
4760265,Bob Saumier,bobsaumier@gmail.com,2642764128,AL1162
630369,Bettye Never,bettyenever@gmail.com,6442785227,NI593
7896176,Edith Fiala,edithfiala@gmail.com,6421831628,NI1474
941069,Brian Clark,brianclark@gmail.com,6634771855,NI830
1028194,Mark Wilson,markwilson@gmail.com,5141712162,NI961
5829533,Laurie Coleman,lauriecoleman@gmail.com,3771688432,NI428
645274,Barbara Murrow,barbaramurrow@gmail.com,6825678882,EG480
4884208,Lucy Plata,lucyplata@gmail.com,2471652823,EG1949
6197706,Oscar Dean,oscardean@gmail.com,6367584363,NI122
4309606,Reva Baron,revabaron@gmail.com,6242255165,KL1141
9782436,Brittany Hernandez,brittanyhernandez@gmail.com,4324378525,NI175
3313327,Annette Wiley,annettewiley@gmail.com,5767827712,NI507
4638036,Marilyn Talamantes,marilyntalamantes@gmail.com,8585743262,AL551
2131410,Joseph Baker,josephbaker@gmail.com,6552616678,AL71
572383,Esther Watton,estherwatton@gmail.com,3642176422,AL577
9363796,Jannet Daniels,jannetdaniels@gmail.com,5237464565,AL1403
3644413,Henry Johnson,henryjohnson@gmail.com,1521741876,AL1555
9279929,Bill Joyner,billjoyner@gmail.com,1381867888,KL861
9002944,Frank Hunt,frankhunt@gmail.com,6557813554,EG604
5690737,Linda Saunders,lindasaunders@gmail.com,4238238674,KL1397
8485218,Tiffany Foster,tiffanyfoster@gmail.com,7267233441,NI611
2855300,Mary Cameron,marycameron@gmail.com,4377513822,AL92
8433167,Steven Ponce,stevenponce@gmail.com,5155265486,EG1688
9424516,Ana Tolbert,anatolbert@gmail.com,8617382455,AL907
4941631,Frank Tyree,franktyree@gmail.com,3255647674,EG901
1767488,Gerry Verduzco,gerryverduzco@gmail.com,4618715787,KL1743
6653786,Mark Thomas,markthomas@gmail.com,6866427442,NI1039
3144270,Agnes Simmons,agnessimmons@gmail.com,6588118723,NI1108
2010704,Jean Knutson,jeanknutson@gmail.com,1347828115,EG826
9296077,Ricardo Clark,ricardoclark@gmail.com,7681454184,AL514
9660162,Julie Caballero,juliecaballero@gmail.com,2113522136,NI1177
9009448,Pauline Gardner,paulinegardner@gmail.com,2238521388,KL585
633160,Shawna Phillips,shawnaphillips@gmail.com,8255557882,EG1691
2328256,John Esqueda,johnesqueda@gmail.com,5868427678,AL363
3944097,Frank Victorero,frankvictorero@gmail.com,6446681471,NI1793
6216096,James Miller,jamesmiller@gmail.com,4178354282,EG212
7745759,Pamela Villarreal,pamelavillarreal@gmail.com,1368816812,KL1523
2214582,Ileana Anderson,ileanaanderson@gmail.com,2563418513,EG1016
1951066,Jonathan Love,jonathanlove@gmail.com,6572546758,NI1833
2655240,Roma Brumaghim,romabrumaghim@gmail.com,6747766544,AL900
409774,Johnnie Martin,johnniemartin@gmail.com,2473847311,KL1838
9211597,Kathleen Foxman,kathleenfoxman@gmail.com,2545327833,KL638
4995816,Travis Lovin,travislovin@gmail.com,3555275615,NI320
1628380,Louis Foster,louisfoster@gmail.com,7718865383,NI1349
3114461,John Hawley,johnhawley@gmail.com,8672556358,NI117
760922,Gabriela Brown,gabrielabrown@gmail.com,1244272752,AL865
3471642,Margaret Ogden,margaretogden@gmail.com,3453634231,EG1291
1140801,Mildred Deese,mildreddeese@gmail.com,2573484158,NI1107
5802428,Keith Trax,keithtrax@gmail.com,7182877683,AL1907
1751612,Lynda Robles,lyndarobles@gmail.com,7675446524,NI710
8371670,Demetrius Adams,demetriusadams@gmail.com,8516658822,KL32
7052849,Todd Morrow,toddmorrow@gmail.com,4716561717,NI1543
8992004,Leon Eagle,leoneagle@gmail.com,7365154626,NI1812
3041883,Philip Lindsey,philiplindsey@gmail.com,5322578347,AL1952
5327801,Dawna Marshall,dawnamarshall@gmail.com,2876387473,AL305
639954,Thomas Robison,thomasrobison@gmail.com,2172557178,NI1379
5612234,James Horton,jameshorton@gmail.com,4547465117,AL1683
75859,Troy Hunter,troyhunter@gmail.com,8512338553,KL10
9400333,John Carbone,johncarbone@gmail.com,6624753647,KL550
6043746,Ellen Mcinnis,ellenmcinnis@gmail.com,2457484334,AL657
8213531,Clayton Martin,claytonmartin@gmail.com,5375525268,KL1294
7192765,Sabrina Taylor,sabrinataylor@gmail.com,5183428255,NI557
7547898,Jesse Lee,jesselee@gmail.com,8888323514,NI1256
7551055,Laura Ledezma,lauraledezma@gmail.com,3431118543,AL632
7433127,Ellis Talbot,ellistalbot@gmail.com,2753512523,NI356
1676650,Patrick Vargas,patrickvargas@gmail.com,2473143335,NI1800
7655537,Jessica Call,jessicacall@gmail.com,3734735573,KL632
1374035,Harry Avelar,harryavelar@gmail.com,6464867215,NI303
3922046,Tammy Johnson,tammyjohnson@gmail.com,2554623112,NI610
6985240,Cynthia Matthews,cynthiamatthews@gmail.com,6435775853,KL1694
5401789,Delores Porter,deloresporter@gmail.com,7225586471,NI1933
3653682,Mark January,markjanuary@gmail.com,3546237371,AL1906
7884680,Leonard Donahue,leonarddonahue@gmail.com,4362262427,KL791
950016,Rocio Jones,rociojones@gmail.com,2545266736,EG1720
3665189,James Mancini,jamesmancini@gmail.com,8382415527,NI566
1528586,Stephnie Ramirez,stephnieramirez@gmail.com,1447322717,AL35
7516863,Hisako Wright,hisakowright@gmail.com,4257563477,AL1822
446793,Daniel Gaul,danielgaul@gmail.com,8467743825,AL1526
1772693,Susan Zamora,susanzamora@gmail.com,6123523153,EG1943
8346560,Glen Williams,glenwilliams@gmail.com,8284316282,NI1706
3600398,Robert Miller,robertmiller@gmail.com,6274245344,AL1851
9732590,Thomas Gunn,thomasgunn@gmail.com,1266237261,KL549
4496141,Joann Taylor,joanntaylor@gmail.com,5555427671,AL568
239841,Claudia Scott,claudiascott@gmail.com,7441625837,EG1645
5554221,Wayne Bodrick,waynebodrick@gmail.com,3256342176,KL1820
6820995,Chau Mueller,chaumueller@gmail.com,2277784687,NI1008
2747088,Joseph Oaks,josephoaks@gmail.com,1585221721,EG714
7709306,Roberto Gustafson,robertogustafson@gmail.com,3461441783,NI1572
8839246,Tara Brandly,tarabrandly@gmail.com,1751811428,NI1877
9506620,Harold Spears,haroldspears@gmail.com,4287828762,AL1260
839377,Linda Finch,lindafinch@gmail.com,8326437847,NI339
8590965,Terrance Schoepp,terranceschoepp@gmail.com,2566761768,EG1884
5664308,Sandra Toole,sandratoole@gmail.com,3248224215,AL1672
